{"cameraMode":{"drawMode":0,"name":"Shaded","section":"Shading Mode"},"sceneLighting":true,"audioPlay":false,"sceneViewState":{"showFog":true,"showMaterialUpdate":false,"showSkybox":true,"showFlares":true,"showImageEffects":true,"showParticleSystems":true},"in2DMode":false,"pivot":{"x":2.12803053855896,"y":-6.787605285644531,"z":5.4418792724609379},"rotation":{"x":0.27258017659187319,"y":-0.2563517093658447,"z":0.07561079412698746,"w":0.9242655634880066},"size":43.003684997558597,"orthographic":false}